{"kaifubiao":1,"shopurl":"http://www.860fupay.com/B98BA6DDC868A7F9B5A9A580F85E2680CD21030A474742DE","notice":"\u003cb\u003e\u003cparam size\u003d25 textcolor\u003d255|0|0  /\u003e\u003ct \n五湖传奇公告:\n /\u003e\u003c/b\u003e\u003cb\u003e\u003cparam size\u003d20 textcolor\u003d255|222|173 /\u003e\u003ct\n目前游戏已正式开放，所有玩家可以通过微信：sihai1688188为本游戏提供BUG和修改意见，确认采纳后会根据玩家提供的信息给予不同的奖励。\n  /\u003e\u003c/b\u003e","verinfo":[{"verid":"五湖传奇","vername":"五湖传奇","verindex":1,"clientver":180}],"servers":[{"verid":"五湖传奇","serverinfo":"[区服: 五湖传奇 ]","zoneid":2,"zonename":"五湖传奇","zoneip":"27.29.254.12:7000","area":180,"suggest":1,"heat":2,"ConfigName":"config176.zip","ConfigVer":"2020022512"},{"verid":"五湖传奇","serverinfo":"[区服: 五湖传奇 ]","zoneid":2,"zonename":"五湖传奇","zoneip":"27.29.254.12:7000","area":180,"suggest":1,"heat":2,"ConfigName":"config176.zip","ConfigVer":"2020022512"}]}